Previous_Lag,Rainfall_3m_avg,GDP_Growth_diff,Demand_Trend,Temperature_3m_avg,TransportCost_3m_avg,Rainfall_Demand,Temp_Crop,Rainfall_Temp,Yield_Demand
1.8356057787755848,29.54839250382097,-4.120515351935422,0.5613072671440126,32.283861681167885,146.32360530234538,26.088760551843638,71.56858267963541,953.9362164942142,1.9572960794231014
1.8356057787755848,54.54268546877141,-4.120515351935422,0.5613072671440126,31.37812302442761,195.55330168019867,114.8691872500921,251.9460402515293,2423.6813782768304,11.940858701133516
5.651205352215616,85.86738487797277,6.871625470844512,-0.3547182902983612,23.137609177835277,176.68617498460614,161.8098354776181,13.873020055924806,988.6140725131544,2.2706444862962645
2.921030931934381,160.67137002237297,-1.4754797726397584,-0.24500352903296374,21.33980608359526,226.8508444128597,214.46998496543978,217.68141629782497,6829.108647293723,6.83634314401356
5.82786591308522,184.6756150300723,-1.348077593292266,0.28116532548913153,12.738497057407784,179.33119730119438,170.59453867246413,42.699745581715455,707.5033644522824,10.295842769007256
