Previous_Lag,Rainfall_3m_avg,GDP_Growth_diff,Demand_Trend,Temperature_3m_avg,TransportCost_3m_avg,Rainfall_Demand,Temp_Crop,Rainfall_Temp,Yield_Demand
0.8913818965325195,295.32065421106563,-4.1367630975477665,-0.18197062114057194,1.3385659170909934,86.47079715844157,210.59454771367592,13.349644648777982,395.3061623399472,7.111860741826828
0.8913818965325195,226.5138544509357,-4.1367630975477665,-0.18197062114057194,2.137990154935521,117.77661901792833,83.7635918576186,18.92709347550833,463.25097229172314,3.422337842250874
1.1985335664226966,168.17716488545415,-0.13612696006234226,0.6205327424913737,7.234176694382543,197.67322722755827,59.31520143471444,142.05947927188498,897.5332859628119,9.38827201231134
1.189917264858713,96.96767946703584,4.93489860275298,-0.2831404816521239,11.405203131253764,196.93592376495613,70.95182600131797,132.39576816440803,1131.5713439553092,8.301484087849888
1.0601302745387748,46.23772889151392,-5.025649000759412,0.495831906115876,22.482086849681917,291.5894805797997,7.527441380300573,318.17695124622963,199.5465584526088,12.002503915082853
